<?xml version="1.0" encoding="UTF-8"?>
<!-- This is a WordPress eXtended RSS file generated by WordPress as an export of your blog. -->
<!-- It contains information about your blog's posts, comments, and categories. -->
<!-- You may use this file to transfer that content from one site to another. -->
<!-- This file is not intended to serve as a complete backup of your blog. -->

<!-- To import this information into a WordPress blog follow these steps. -->
<!-- 1. Log in to that blog as an administrator. -->
<!-- 2. Go to Tools: Import in the blog's admin panels (or Manage: Import in older versions of WordPress). -->
<!-- 3. Choose "WordPress" from the list. -->
<!-- 4. Upload this file using the form provided on that page. -->
<!-- 5. You will first be asked to map the authors in this export file to users -->
<!--    on the blog.  For each author, you may choose to map to an -->
<!--    existing user on the blog or to create a new user -->
<!-- 6. WordPress will then import each of the posts, comments, and categories -->
<!--    contained in this file into your blog -->

<!-- generator="WordPress/2.9.1" created="2010-01-11 18:02"-->
<rss version="2.0"
	xmlns:excerpt="http://wordpress.org/export/1.0/excerpt/"
	xmlns:content="http://purl.org/rss/1.0/modules/content/"
	xmlns:wfw="http://wellformedweb.org/CommentAPI/"
	xmlns:dc="http://purl.org/dc/elements/1.1/"
	xmlns:wp="http://wordpress.org/export/1.0/"
>

<channel>
	<title>Test</title>
	<link>http://localhost/test</link>
	<description>Just another WordPress weblog</description>
	<pubDate>Mon, 11 Jan 2010 18:02:40 +0000</pubDate>
	<generator>http://wordpress.org/?v=2.9.1</generator>
	<language>en</language>
	<wp:wxr_version>1.0</wp:wxr_version>
	<wp:base_site_url>http://localhost/test</wp:base_site_url>
	<wp:base_blog_url>http://localhost/test</wp:base_blog_url>
	<wp:category><wp:category_nicename>category-1</wp:category_nicename><wp:category_parent></wp:category_parent><wp:cat_name><![CDATA[Category 1]]></wp:cat_name></wp:category>
	<wp:category><wp:category_nicename>category-2</wp:category_nicename><wp:category_parent></wp:category_parent><wp:cat_name><![CDATA[Category 2]]></wp:cat_name></wp:category>
	<wp:category><wp:category_nicename>category-3</wp:category_nicename><wp:category_parent></wp:category_parent><wp:cat_name><![CDATA[Category 3]]></wp:cat_name></wp:category>
	<wp:category><wp:category_nicename>general</wp:category_nicename><wp:category_parent></wp:category_parent><wp:cat_name><![CDATA[General]]></wp:cat_name></wp:category>
	<wp:category><wp:category_nicename>sub-category-1</wp:category_nicename><wp:category_parent>Category 2</wp:category_parent><wp:cat_name><![CDATA[Sub Category 1]]></wp:cat_name></wp:category>
	<wp:category><wp:category_nicename>sub-category-2</wp:category_nicename><wp:category_parent>Category 2</wp:category_parent><wp:cat_name><![CDATA[Sub Category 2]]></wp:cat_name></wp:category>
	<wp:tag><wp:tag_slug>adipiscing</wp:tag_slug><wp:tag_name><![CDATA[adipiscing]]></wp:tag_name></wp:tag>
	<wp:tag><wp:tag_slug>alert</wp:tag_slug><wp:tag_name><![CDATA[alert]]></wp:tag_name></wp:tag>
	<wp:tag><wp:tag_slug>blockquote</wp:tag_slug><wp:tag_name><![CDATA[blockquote]]></wp:tag_name></wp:tag>
	<wp:tag><wp:tag_slug>download</wp:tag_slug><wp:tag_name><![CDATA[download]]></wp:tag_name></wp:tag>
	<wp:tag><wp:tag_slug>elements</wp:tag_slug><wp:tag_name><![CDATA[elements]]></wp:tag_name></wp:tag>
	<wp:tag><wp:tag_slug>golf</wp:tag_slug><wp:tag_name><![CDATA[golf]]></wp:tag_name></wp:tag>
	<wp:tag><wp:tag_slug>info</wp:tag_slug><wp:tag_name><![CDATA[info]]></wp:tag_name></wp:tag>
	<wp:tag><wp:tag_slug>lists</wp:tag_slug><wp:tag_name><![CDATA[lists]]></wp:tag_name></wp:tag>
	<wp:tag><wp:tag_slug>note</wp:tag_slug><wp:tag_name><![CDATA[note]]></wp:tag_name></wp:tag>
	<wp:tag><wp:tag_slug>nullam</wp:tag_slug><wp:tag_name><![CDATA[nullam]]></wp:tag_name></wp:tag>
	<wp:tag><wp:tag_slug>ordered</wp:tag_slug><wp:tag_name><![CDATA[ordered]]></wp:tag_name></wp:tag>
	<wp:tag><wp:tag_slug>strong</wp:tag_slug><wp:tag_name><![CDATA[strong]]></wp:tag_name></wp:tag>
	<wp:tag><wp:tag_slug>unordered</wp:tag_slug><wp:tag_name><![CDATA[unordered]]></wp:tag_name></wp:tag>
	<wp:tag><wp:tag_slug>vivamus</wp:tag_slug><wp:tag_name><![CDATA[vivamus]]></wp:tag_name></wp:tag>
		<item>
<title>Ut vitae tellus massa</title>
<link>http://localhost/test/?p=66</link>
<pubDate>Sun, 11 Oct 2009 14:35:17 +0000</pubDate>
<dc:creator><![CDATA[admin]]></dc:creator>

		<category><![CDATA[Category 3]]></category>

		<category domain="category" nicename="category-3"><![CDATA[Category 3]]></category>

		<category><![CDATA[Sub Category 2]]></category>

		<category domain="category" nicename="sub-category-2"><![CDATA[Sub Category 2]]></category>

<guid isPermaLink="false">http://localhost/test/?p=66</guid>
<description></description>
<content:encoded><![CDATA[Lorem ipsum dolor sit amet, consectetur adipiscing elit. Vivamus quis ipsum mi. Ut est augue, mollis in pellentesque ac, molestie vitae nisl. Quisque vel mauris justo, ut tempus felis. Integer consequat, sapien id congue eleifend, metus dui pulvinar magna, sed accumsan nisl eros id purus. Nulla facilisi. Morbi sollicitudin erat at enim ultrices luctus. Maecenas fringilla fermentum erat nec dignissim. Mauris nisl odio, tempus ac posuere in, suscipit vel nisl. Phasellus aliquet sapien quis orci semper at fermentum nunc euismod. Aliquam erat volutpat. Suspendisse condimentum arcu quam. Sed eros arcu, lobortis a porttitor vitae, tristique nec erat. Quisque dignissim suscipit auctor. Cras hendrerit enim at eros dignissim faucibus. Morbi a est est. Lorem ipsum dolor sit amet, consectetur adipiscing elit. Nullam tincidunt congue arcu eu auctor.

Ut vitae tellus massa. Nam semper tortor a est blandit tincidunt. Integer viverra gravida lectus non faucibus. Curabitur at ligula massa. Nullam venenatis purus condimentum massa posuere quis lobortis risus pellentesque. Vivamus vitae pellentesque neque. Aliquam ut magna quis lorem semper blandit. Suspendisse non tortor nulla, vel pharetra enim. Quisque vestibulum pulvinar dolor, id ornare justo ornare a. Lorem ipsum dolor sit amet, consectetur adipiscing elit.

Lorem ipsum dolor sit amet, consectetur adipiscing elit. Cras pharetra urna sit amet justo scelerisque nec adipiscing tortor sodales. Nulla bibendum dolor quis dui fringilla eu sodales nunc adipiscing. Duis adipiscing mollis ipsum non pharetra. Vivamus sagittis mauris et nulla feugiat malesuada. Pellentesque habitant morbi tristique senectus et netus et malesuada fames ac turpis egestas. Donec non tellus tellus, sodales elementum lorem. In hac habitasse platea dictumst. Nullam ut nisl arcu. Quisque eget lacus nec ipsum elementum pulvinar. Phasellus rhoncus facilisis sem eu ultricies. Curabitur sit amet lorem et odio convallis blandit id a libero. ]]></content:encoded>
<excerpt:encoded><![CDATA[]]></excerpt:encoded>
<wp:post_id>66</wp:post_id>
<wp:post_date>2009-10-11 14:35:17</wp:post_date>
<wp:post_date_gmt>2009-10-11 14:35:17</wp:post_date_gmt>
<wp:comment_status>open</wp:comment_status>
<wp:ping_status>open</wp:ping_status>
<wp:post_name>ut-vitae-tellus-massa</wp:post_name>
<wp:status>publish</wp:status>
<wp:post_parent>0</wp:post_parent>
<wp:menu_order>0</wp:menu_order>
<wp:post_type>post</wp:post_type>
<wp:post_password></wp:post_password>
<wp:is_sticky>0</wp:is_sticky>
<wp:postmeta>
<wp:meta_key>_edit_lock</wp:meta_key>
<wp:meta_value>1263232911</wp:meta_value>
</wp:postmeta>
<wp:postmeta>
<wp:meta_key>_edit_last</wp:meta_key>
<wp:meta_value>1</wp:meta_value>
</wp:postmeta>
<wp:postmeta>
<wp:meta_key>_encloseme</wp:meta_key>
<wp:meta_value>1</wp:meta_value>
</wp:postmeta>
<wp:postmeta>
<wp:meta_key>image</wp:meta_key>
<wp:meta_value></wp:meta_value>
</wp:postmeta>
<wp:postmeta>
<wp:meta_key>_encloseme</wp:meta_key>
<wp:meta_value>1</wp:meta_value>
</wp:postmeta>
	</item>
<item>
<title>Commodo pretium egestas</title>
<link>http://localhost/test/?p=68</link>
<pubDate>Sun, 11 Oct 2009 14:36:12 +0000</pubDate>
<dc:creator><![CDATA[admin]]></dc:creator>

		<category><![CDATA[General]]></category>

		<category domain="category" nicename="general"><![CDATA[General]]></category>

<guid isPermaLink="false">http://localhost/test/?p=68</guid>
<description></description>
<content:encoded><![CDATA[Lorem ipsum dolor sit amet, consectetur adipiscing elit. Donec in augue tellus. Donec diam neque, laoreet non adipiscing sit amet, scelerisque sed nulla. Sed pulvinar faucibus enim, quis gravida orci rutrum sed. Vestibulum ante ipsum primis in faucibus orci luctus et ultrices posuere cubilia Curae; Pellentesque habitant morbi tristique senectus et netus et malesuada fames ac turpis egestas. Mauris condimentum porta dui, et convallis nisi gravida vel. Curabitur varius velit quis enim sollicitudin vel feugiat elit egestas. Morbi tempor, mi porta eleifend placerat, ligula tortor convallis eros, id ultrices nibh augue quis sapien. Aliquam erat volutpat. Praesent viverra mauris sed ligula bibendum ut gravida tortor vestibulum. Vivamus mattis, diam in vehicula condimentum, nulla tortor volutpat turpis, non volutpat sapien metus adipiscing enim. Duis aliquet sapien ut augue vulputate et adipiscing ligula vehicula. Suspendisse potenti. Quisque pulvinar urna eget leo tincidunt rutrum.

Cras magna lectus, commodo pretium egestas nec, lobortis eu nibh. Vestibulum magna nulla, commodo nec adipiscing ac, commodo eu odio. Ut lectus orci, sollicitudin sit amet rhoncus ut, faucibus posuere massa. Nunc vitae arcu a dolor placerat facilisis. Sed libero mi, volutpat a ornare non, gravida quis diam. Praesent tortor magna, porta et imperdiet a, pulvinar ac eros. Duis eleifend dictum aliquet. In leo ipsum, scelerisque lobortis dapibus at, cursus eget metus. Suspendisse tincidunt ligula id velit interdum pulvinar vehicula leo dictum. Phasellus ac ante sed tortor dictum aliquet quis venenatis urna. Morbi pellentesque ultricies orci. Nullam gravida, ante eget luctus luctus, odio tellus rutrum risus, eu egestas odio sem eget turpis. Quisque eu mattis elit. Nullam massa urna, ullamcorper quis vulputate sit amet, vehicula sed diam. Aliquam semper, urna ac lobortis mattis, libero justo vestibulum arcu, in placerat orci ante quis nibh. Cum sociis natoque penatibus et magnis dis parturient montes, nascetur ridiculus mus. Nulla aliquet velit eget risus interdum nec malesuada lectus eleifend. Integer ac libero ipsum, quis lobortis elit. Nam sapien mauris, tempus ultrices pellentesque ac, accumsan feugiat odio. Sed in nibh augue.

Phasellus convallis orci orci. Cras lacus sapien, hendrerit vel venenatis quis, pulvinar quis diam. Donec bibendum, purus vitae euismod imperdiet, eros enim adipiscing nunc, sed molestie sem eros nec tortor. Maecenas ipsum arcu, fermentum ac mollis sit amet, sollicitudin ac magna. Nullam ac libero quis enim gravida sollicitudin. Nunc urna nulla, vestibulum ac tincidunt at, imperdiet eu nunc. Nunc purus tortor, pulvinar dignissim sodales et, molestie ac mauris. Praesent ac mi eget enim semper pretium eget ac mi. Donec dui mauris, aliquet id eleifend in, dignissim vel felis. Fusce ullamcorper consectetur pulvinar. Cras eget risus lorem. Donec nisi neque, accumsan non ultrices ac, aliquam vel risus. Fusce congue purus sed lorem imperdiet eleifend. Morbi convallis orci id est pulvinar accumsan ornare ut quam. Nullam ante dolor, malesuada sed eleifend ut, euismod nec ligula. Proin ac ipsum libero. Nullam eleifend ante nec ante sodales ullamcorper eget tincidunt lorem. Fusce in est turpis. Proin rhoncus dui posuere ante accumsan id vestibulum nisl iaculis. Aenean semper ornare massa, id consequat leo pretium viverra. ]]></content:encoded>
<excerpt:encoded><![CDATA[]]></excerpt:encoded>
<wp:post_id>68</wp:post_id>
<wp:post_date>2009-10-11 14:36:12</wp:post_date>
<wp:post_date_gmt>2009-10-11 14:36:12</wp:post_date_gmt>
<wp:comment_status>open</wp:comment_status>
<wp:ping_status>open</wp:ping_status>
<wp:post_name>commodo-pretium-egestas</wp:post_name>
<wp:status>publish</wp:status>
<wp:post_parent>0</wp:post_parent>
<wp:menu_order>0</wp:menu_order>
<wp:post_type>post</wp:post_type>
<wp:post_password></wp:post_password>
<wp:is_sticky>0</wp:is_sticky>
<wp:postmeta>
<wp:meta_key>_edit_lock</wp:meta_key>
<wp:meta_value>1263232922</wp:meta_value>
</wp:postmeta>
<wp:postmeta>
<wp:meta_key>_edit_last</wp:meta_key>
<wp:meta_value>1</wp:meta_value>
</wp:postmeta>
<wp:postmeta>
<wp:meta_key>_encloseme</wp:meta_key>
<wp:meta_value>1</wp:meta_value>
</wp:postmeta>
<wp:postmeta>
<wp:meta_key>image</wp:meta_key>
<wp:meta_value>http://farm3.static.flickr.com/2733/4025057441_c7b6c2bb60_b.jpg</wp:meta_value>
</wp:postmeta>
<wp:postmeta>
<wp:meta_key>_encloseme</wp:meta_key>
<wp:meta_value>1</wp:meta_value>
</wp:postmeta>
<wp:postmeta>
<wp:meta_key>_encloseme</wp:meta_key>
<wp:meta_value>1</wp:meta_value>
</wp:postmeta>
<wp:postmeta>
<wp:meta_key>_encloseme</wp:meta_key>
<wp:meta_value>1</wp:meta_value>
</wp:postmeta>
	</item>
<item>
<title>Curabitur tincidunt</title>
<link>http://localhost/test/?p=72</link>
<pubDate>Wed, 11 Nov 2009 14:37:18 +0000</pubDate>
<dc:creator><![CDATA[admin]]></dc:creator>

		<category><![CDATA[Sub Category 1]]></category>

		<category domain="category" nicename="sub-category-1"><![CDATA[Sub Category 1]]></category>

<guid isPermaLink="false">http://localhost/test/?p=72</guid>
<description></description>
<content:encoded><![CDATA[Lorem ipsum dolor sit amet, consectetur adipiscing elit. Sed lobortis justo quis risus varius quis aliquam neque hendrerit. Proin sodales tristique augue, sed tincidunt turpis molestie lacinia. Ut tellus est, tristique vitae scelerisque ut, congue viverra enim. Phasellus imperdiet sapien massa. Cras venenatis aliquam lectus nec posuere. Mauris malesuada dictum imperdiet. Vivamus facilisis, tortor id eleifend pharetra, magna ipsum euismod sem, vel dapibus lacus ligula quis leo. Class aptent taciti sociosqu ad litora torquent per conubia nostra, per inceptos himenaeos. Mauris dolor sapien, pellentesque eu posuere id, dignissim non turpis. Phasellus metus arcu, egestas vitae hendrerit quis, venenatis eget justo. Sed ante ante, mattis a placerat non, blandit vitae leo. Quisque ut urna in nulla viverra convallis eget at erat. Vivamus congue, sapien vel varius interdum, libero tortor convallis ipsum, non fermentum ante justo id ipsum. Vestibulum erat quam, mollis sodales congue sed, commodo eget eros. Etiam tellus felis, ornare ut placerat vitae, dignissim eget enim. Etiam viverra, metus pulvinar ultricies viverra, magna odio congue nunc, ut vestibulum mi velit eget dolor. Curabitur dolor nisl, viverra ac sagittis a, eleifend a magna. Duis urna nisl, eleifend eu elementum et, elementum ut arcu. Mauris convallis odio in justo facilisis a ullamcorper arcu convallis. Proin quis elit non velit suscipit mollis nec sed odio.

Curabitur tincidunt suscipit vestibulum. Donec adipiscing tellus id nunc volutpat iaculis. Pellentesque laoreet placerat gravida. Aliquam at odio justo. Aliquam feugiat tristique urna, at posuere lectus vehicula ut. Suspendisse ac est urna. In vitae consequat elit. Cras quam tellus, aliquet in sollicitudin a, convallis non ipsum. Cras enim dolor, convallis a porttitor et, volutpat a augue. Pellentesque a nisi eu libero aliquam adipiscing ac sed ligula. Curabitur varius risus et odio consectetur bibendum. Sed elementum viverra lobortis. Ut nec dolor est. Suspendisse vitae tempus elit. In gravida nunc a sem facilisis tempor. Vestibulum eget est suscipit est molestie fermentum. Donec iaculis, quam a bibendum interdum, neque velit lacinia magna, quis commodo est lectus ut metus. Vivamus ultrices diam sit amet quam pulvinar et mattis felis suscipit. Nullam rhoncus, enim id sodales dictum, mauris sem aliquam dui, non varius orci diam a sem. ]]></content:encoded>
<excerpt:encoded><![CDATA[]]></excerpt:encoded>
<wp:post_id>72</wp:post_id>
<wp:post_date>2009-11-11 14:37:18</wp:post_date>
<wp:post_date_gmt>2009-11-11 14:37:18</wp:post_date_gmt>
<wp:comment_status>open</wp:comment_status>
<wp:ping_status>open</wp:ping_status>
<wp:post_name>curabitur-tincidunt</wp:post_name>
<wp:status>publish</wp:status>
<wp:post_parent>0</wp:post_parent>
<wp:menu_order>0</wp:menu_order>
<wp:post_type>post</wp:post_type>
<wp:post_password></wp:post_password>
<wp:is_sticky>0</wp:is_sticky>
<wp:postmeta>
<wp:meta_key>_edit_lock</wp:meta_key>
<wp:meta_value>1263232932</wp:meta_value>
</wp:postmeta>
<wp:postmeta>
<wp:meta_key>_edit_last</wp:meta_key>
<wp:meta_value>1</wp:meta_value>
</wp:postmeta>
<wp:postmeta>
<wp:meta_key>_encloseme</wp:meta_key>
<wp:meta_value>1</wp:meta_value>
</wp:postmeta>
<wp:postmeta>
<wp:meta_key>image</wp:meta_key>
<wp:meta_value>http://farm4.static.flickr.com/3503/4025808042_d2326e300c_b.jpg</wp:meta_value>
</wp:postmeta>
<wp:postmeta>
<wp:meta_key>_encloseme</wp:meta_key>
<wp:meta_value>1</wp:meta_value>
</wp:postmeta>
	</item>
<item>
<title>Sed tincidunt augue et nibh</title>
<link>http://localhost/test/?p=74</link>
<pubDate>Wed, 11 Nov 2009 14:39:49 +0000</pubDate>
<dc:creator><![CDATA[admin]]></dc:creator>

		<category><![CDATA[Category 2]]></category>

		<category domain="category" nicename="category-2"><![CDATA[Category 2]]></category>

<guid isPermaLink="false">http://localhost/test/?p=74</guid>
<description></description>
<content:encoded><![CDATA[Sed tincidunt augue et nibh tristique ac mattis lorem interdum. Morbi eu augue vitae nulla ultricies sodales ut eu eros. Aliquam posuere faucibus nisl, in aliquet leo mattis id. Quisque at mi eget felis rhoncus semper eleifend suscipit lacus. Ut ac dui dolor, nec commodo est. Suspendisse tortor urna, volutpat ac mattis sit amet, interdum non libero. Integer eleifend lacinia turpis, lacinia convallis neque aliquam et. Etiam pellentesque consectetur hendrerit. Vestibulum eleifend laoreet justo vel condimentum. In eu porttitor massa.

Morbi rutrum adipiscing orci fringilla tincidunt. Curabitur facilisis aliquam nulla quis porta. Ut porttitor faucibus ante et sollicitudin. Vivamus volutpat hendrerit mi lacinia laoreet. Nam congue, urna eget condimentum sodales, elit lacus scelerisque est, consequat pulvinar urna augue sed arcu. Curabitur arcu tortor, venenatis faucibus laoreet id, dapibus in odio. Mauris arcu lectus, consequat id tincidunt tincidunt, rhoncus ac nisl. Suspendisse nec cursus eros. Morbi sollicitudin tristique augue, eget sodales purus rutrum ut. Mauris vel augue id tortor imperdiet commodo. Aenean lacinia nunc ac ipsum facilisis varius. ]]></content:encoded>
<excerpt:encoded><![CDATA[]]></excerpt:encoded>
<wp:post_id>74</wp:post_id>
<wp:post_date>2009-11-11 14:39:49</wp:post_date>
<wp:post_date_gmt>2009-11-11 14:39:49</wp:post_date_gmt>
<wp:comment_status>open</wp:comment_status>
<wp:ping_status>open</wp:ping_status>
<wp:post_name>sed-tincidunt-augue-et-nibh</wp:post_name>
<wp:status>publish</wp:status>
<wp:post_parent>0</wp:post_parent>
<wp:menu_order>0</wp:menu_order>
<wp:post_type>post</wp:post_type>
<wp:post_password></wp:post_password>
<wp:is_sticky>0</wp:is_sticky>
<wp:postmeta>
<wp:meta_key>_edit_lock</wp:meta_key>
<wp:meta_value>1263232941</wp:meta_value>
</wp:postmeta>
<wp:postmeta>
<wp:meta_key>_edit_last</wp:meta_key>
<wp:meta_value>1</wp:meta_value>
</wp:postmeta>
<wp:postmeta>
<wp:meta_key>_encloseme</wp:meta_key>
<wp:meta_value>1</wp:meta_value>
</wp:postmeta>
<wp:postmeta>
<wp:meta_key>image</wp:meta_key>
<wp:meta_value>http://farm3.static.flickr.com/2751/4025057001_cd9dc1a39d_b.jpg</wp:meta_value>
</wp:postmeta>
<wp:postmeta>
<wp:meta_key>_encloseme</wp:meta_key>
<wp:meta_value>1</wp:meta_value>
</wp:postmeta>
	</item>
<item>
<title>Morbi rhoncus arcu egestas erat</title>
<link>http://localhost/test/?p=43</link>
<pubDate>Fri, 11 Dec 2009 15:03:46 +0000</pubDate>
<dc:creator><![CDATA[admin]]></dc:creator>

		<category><![CDATA[Category 3]]></category>

		<category domain="category" nicename="category-3"><![CDATA[Category 3]]></category>

		<category><![CDATA[General]]></category>

		<category domain="category" nicename="general"><![CDATA[General]]></category>

		<category domain="tag"><![CDATA[nullam]]></category>

		<category domain="tag" nicename="nullam"><![CDATA[nullam]]></category>

		<category domain="tag"><![CDATA[vivamus]]></category>

		<category domain="tag" nicename="vivamus"><![CDATA[vivamus]]></category>

<guid isPermaLink="false">http://localhost/test/?p=43</guid>
<description></description>
<content:encoded><![CDATA[Morbi rhoncus arcu egestas erat, convallis eros laoreet cubilia nulla, integer lectus sequi quisque, nunc suspendisse in a. Tellus massa non mi eget, quis dui eu phasellus dignissim. <em><strong>Tristique est dignissim dui urna, ornare ipsum odio sed.</strong></em> Elit lectus sed dictum nullam, mauris a sit vitae. Integer vivamus elit amet a, nulla sodales justo sed, vivamus eget ac vel vestibulum, condimentum habitant nullam ligula commodo. Scelerisque <a href="http://www.woothemes.com/">tortor porttitor</a> commodo, class fames magna est leo, nec duis pede nullam suscipit, eu vitae rutrum diam.
<blockquote>Non non mauris vehicula suscipit, tellus elit vitae mauris class. Sed scelerisque libero in, sagittis eleifend magna suscipit vel, arcu ut sed elit aliquam, urna tellus morbi libero per. Condimentum dolor vel morbi, eu voluptatem nam ad, justo sit dis erat, sed massa senectus laoreet sodales. Ut odio metus accumsan, cras nunc mi mauris. Aenean ut ullamcorper lorem neque, vitae quis hymenaeos erat vestibulum, est neque dui nec, praesent vestibulum curabitur tortor magna.</blockquote>
Aliquam in suspendisse curabitur nec, integer amet in gravida urna. Nulla justo praesent quis, semper pellentesque wisi libero, enim non leo nulla. In a tortor vestibulum id, phasellus dapibus vitae felis duis. <strong>Mauris in tortor ac,</strong> in litora aut curabitur. In quam consectetuer posuere in, risus vestibulum quis libero, pulvinar morbi in est, luctus per ut id aliquam.]]></content:encoded>
<excerpt:encoded><![CDATA[]]></excerpt:encoded>
<wp:post_id>43</wp:post_id>
<wp:post_date>2009-12-11 15:03:46</wp:post_date>
<wp:post_date_gmt>2009-12-11 15:03:46</wp:post_date_gmt>
<wp:comment_status>open</wp:comment_status>
<wp:ping_status>open</wp:ping_status>
<wp:post_name>morbi-rhoncus-arcu-egestas-erat</wp:post_name>
<wp:status>publish</wp:status>
<wp:post_parent>0</wp:post_parent>
<wp:menu_order>0</wp:menu_order>
<wp:post_type>post</wp:post_type>
<wp:post_password></wp:post_password>
<wp:is_sticky>0</wp:is_sticky>
<wp:postmeta>
<wp:meta_key>_edit_lock</wp:meta_key>
<wp:meta_value>1263232950</wp:meta_value>
</wp:postmeta>
<wp:postmeta>
<wp:meta_key>_edit_last</wp:meta_key>
<wp:meta_value>1</wp:meta_value>
</wp:postmeta>
<wp:postmeta>
<wp:meta_key>image</wp:meta_key>
<wp:meta_value>http://farm3.static.flickr.com/2616/4131104614_a15ab40070_b.jpg</wp:meta_value>
</wp:postmeta>
<wp:postmeta>
<wp:meta_key>_encloseme</wp:meta_key>
<wp:meta_value>1</wp:meta_value>
</wp:postmeta>
<wp:postmeta>
<wp:meta_key>_encloseme</wp:meta_key>
<wp:meta_value>1</wp:meta_value>
</wp:postmeta>
	</item>
<item>
<title>Gravida vivamus adipiscing</title>
<link>http://localhost/test/?p=46</link>
<pubDate>Thu, 24 Dec 2009 15:05:26 +0000</pubDate>
<dc:creator><![CDATA[admin]]></dc:creator>

		<category><![CDATA[Category 1]]></category>

		<category domain="category" nicename="category-1"><![CDATA[Category 1]]></category>

		<category domain="tag"><![CDATA[adipiscing]]></category>

		<category domain="tag" nicename="adipiscing"><![CDATA[adipiscing]]></category>

		<category domain="tag"><![CDATA[vivamus]]></category>

		<category domain="tag" nicename="vivamus"><![CDATA[vivamus]]></category>

<guid isPermaLink="false">http://localhost/test/?p=46</guid>
<description></description>
<content:encoded><![CDATA[A cras tincidunt, ut tellus et. Gravida scelerisque, ipsum sed iaculis, nunc non nam. Placerat sed phasellus, purus purus elit. Cras ante eros. Erat vel. Donec vestibulum sed, vel euismod donec.

Eros ante malesuada. Pellentesque senectus, a tempor et. At pellentesque. Molestie in, nonummy libero, justo eros pariatur. Tortor sed. A ac.
<p class="note">In id, mauris viverra asperiores, bibendum in id. Eu molestie. Ac sit eu. Id iaculis id, pulvinar ut imperdiet. Vestibulum convallis. Gravida vivamus adipiscing, vitae ut ac, neque venenatis amet.</p>
Ultrices vestibulum purus. Egestas risus tempor, aenean nec. Wisi sodales nibh, quis lectus, sollicitudin pede morbi. Lectus sed erat, leo nisl, metus a. Sit ac, lectus ut varius, <a href="http://www.woothemes.com">tempor</a>]]></content:encoded>
<excerpt:encoded><![CDATA[]]></excerpt:encoded>
<wp:post_id>46</wp:post_id>
<wp:post_date>2009-12-24 15:05:26</wp:post_date>
<wp:post_date_gmt>2009-12-24 15:05:26</wp:post_date_gmt>
<wp:comment_status>open</wp:comment_status>
<wp:ping_status>open</wp:ping_status>
<wp:post_name>gravida-vivamus-adipiscing</wp:post_name>
<wp:status>publish</wp:status>
<wp:post_parent>0</wp:post_parent>
<wp:menu_order>0</wp:menu_order>
<wp:post_type>post</wp:post_type>
<wp:post_password></wp:post_password>
<wp:is_sticky>0</wp:is_sticky>
<wp:postmeta>
<wp:meta_key>_edit_lock</wp:meta_key>
<wp:meta_value>1263232960</wp:meta_value>
</wp:postmeta>
<wp:postmeta>
<wp:meta_key>_edit_last</wp:meta_key>
<wp:meta_value>1</wp:meta_value>
</wp:postmeta>
<wp:postmeta>
<wp:meta_key>image</wp:meta_key>
<wp:meta_value>http://farm3.static.flickr.com/2637/4130341627_5f54cbc739_b.jpg</wp:meta_value>
</wp:postmeta>
<wp:postmeta>
<wp:meta_key>_encloseme</wp:meta_key>
<wp:meta_value>1</wp:meta_value>
</wp:postmeta>
<wp:postmeta>
<wp:meta_key>_encloseme</wp:meta_key>
<wp:meta_value>1</wp:meta_value>
</wp:postmeta>
<wp:postmeta>
<wp:meta_key>_encloseme</wp:meta_key>
<wp:meta_value>1</wp:meta_value>
</wp:postmeta>
<wp:postmeta>
<wp:meta_key>_encloseme</wp:meta_key>
<wp:meta_value>1</wp:meta_value>
</wp:postmeta>
<wp:postmeta>
<wp:meta_key>_encloseme</wp:meta_key>
<wp:meta_value>1</wp:meta_value>
</wp:postmeta>
	</item>
<item>
<title>Hello world!</title>
<link>http://localhost/test/?p=1</link>
<pubDate>Fri, 08 Jan 2010 10:03:15 +0000</pubDate>
<dc:creator><![CDATA[admin]]></dc:creator>

		<category><![CDATA[Category 1]]></category>

		<category domain="category" nicename="category-1"><![CDATA[Category 1]]></category>

		<category><![CDATA[General]]></category>

		<category domain="category" nicename="general"><![CDATA[General]]></category>

		<category><![CDATA[Sub Category 1]]></category>

		<category domain="category" nicename="sub-category-1"><![CDATA[Sub Category 1]]></category>

<guid isPermaLink="false">http://localhost/test/?p=1</guid>
<description></description>
<content:encoded><![CDATA[Welcome to WordPress. This is your first post. Edit or delete it, then start blogging!]]></content:encoded>
<excerpt:encoded><![CDATA[]]></excerpt:encoded>
<wp:post_id>1</wp:post_id>
<wp:post_date>2010-01-08 10:03:15</wp:post_date>
<wp:post_date_gmt>2010-01-08 10:03:15</wp:post_date_gmt>
<wp:comment_status>open</wp:comment_status>
<wp:ping_status>open</wp:ping_status>
<wp:post_name>hello-world</wp:post_name>
<wp:status>trash</wp:status>
<wp:post_parent>0</wp:post_parent>
<wp:menu_order>0</wp:menu_order>
<wp:post_type>post</wp:post_type>
<wp:post_password></wp:post_password>
<wp:is_sticky>0</wp:is_sticky>
<wp:postmeta>
<wp:meta_key>_wp_trash_meta_time</wp:meta_key>
<wp:meta_value>1263219231</wp:meta_value>
</wp:postmeta>
<wp:postmeta>
<wp:meta_key>_wp_trash_meta_status</wp:meta_key>
<wp:meta_value>publish</wp:meta_value>
</wp:postmeta>
<wp:postmeta>
<wp:meta_key>_encloseme</wp:meta_key>
<wp:meta_value>1</wp:meta_value>
</wp:postmeta>
<wp:postmeta>
<wp:meta_key>_edit_lock</wp:meta_key>
<wp:meta_value>1263033609</wp:meta_value>
</wp:postmeta>
<wp:postmeta>
<wp:meta_key>_edit_last</wp:meta_key>
<wp:meta_value>1</wp:meta_value>
</wp:postmeta>
<wp:postmeta>
<wp:meta_key>_encloseme</wp:meta_key>
<wp:meta_value>1</wp:meta_value>
</wp:postmeta>
<wp:postmeta>
<wp:meta_key>_wp_trash_meta_comments_status</wp:meta_key>
<wp:meta_value>a:1:{i:1;s:1:"1";}</wp:meta_value>
</wp:postmeta>
<wp:comment>
<wp:comment_id>1</wp:comment_id>
<wp:comment_author><![CDATA[Mr WordPress]]></wp:comment_author>
<wp:comment_author_email></wp:comment_author_email>
<wp:comment_author_url>http://wordpress.org/</wp:comment_author_url>
<wp:comment_author_IP></wp:comment_author_IP>
<wp:comment_date>2010-01-08 10:03:15</wp:comment_date>
<wp:comment_date_gmt>2010-01-08 10:03:15</wp:comment_date_gmt>
<wp:comment_content><![CDATA[Hi, this is a comment.<br />To delete a comment, just log in and view the post&#039;s comments. There you will have the option to edit or delete them.]]></wp:comment_content>
<wp:comment_approved>post-trashed</wp:comment_approved>
<wp:comment_type></wp:comment_type>
<wp:comment_parent>0</wp:comment_parent>
<wp:comment_user_id>0</wp:comment_user_id>
</wp:comment>
	</item>
<item>
<title>About</title>
<link>http://localhost/test/?page_id=2</link>
<pubDate>Fri, 08 Jan 2010 10:03:15 +0000</pubDate>
<dc:creator><![CDATA[admin]]></dc:creator>

<guid isPermaLink="false">http://localhost/test/?page_id=2</guid>
<description></description>
<content:encoded><![CDATA[This is an example of a WordPress page, you could edit this to put information about yourself or your site so readers know where you are coming from. You can create as many pages like this one or sub-pages as you like and manage all of your content inside of WordPress.]]></content:encoded>
<excerpt:encoded><![CDATA[]]></excerpt:encoded>
<wp:post_id>2</wp:post_id>
<wp:post_date>2010-01-08 10:03:15</wp:post_date>
<wp:post_date_gmt>2010-01-08 10:03:15</wp:post_date_gmt>
<wp:comment_status>open</wp:comment_status>
<wp:ping_status>open</wp:ping_status>
<wp:post_name>about</wp:post_name>
<wp:status>publish</wp:status>
<wp:post_parent>0</wp:post_parent>
<wp:menu_order>0</wp:menu_order>
<wp:post_type>page</wp:post_type>
<wp:post_password></wp:post_password>
<wp:is_sticky>0</wp:is_sticky>
	</item>
<item>
<title>Templates</title>
<link>http://localhost/test/?page_id=15</link>
<pubDate>Sat, 09 Jan 2010 10:19:17 +0000</pubDate>
<dc:creator><![CDATA[admin]]></dc:creator>

		<category><![CDATA[General]]></category>

		<category domain="category" nicename="general"><![CDATA[General]]></category>

<guid isPermaLink="false">http://localhost/test/?page_id=15</guid>
<description></description>
<content:encoded><![CDATA[]]></content:encoded>
<excerpt:encoded><![CDATA[]]></excerpt:encoded>
<wp:post_id>15</wp:post_id>
<wp:post_date>2010-01-09 10:19:17</wp:post_date>
<wp:post_date_gmt>2010-01-09 10:19:17</wp:post_date_gmt>
<wp:comment_status>open</wp:comment_status>
<wp:ping_status>open</wp:ping_status>
<wp:post_name>templates</wp:post_name>
<wp:status>publish</wp:status>
<wp:post_parent>0</wp:post_parent>
<wp:menu_order>0</wp:menu_order>
<wp:post_type>page</wp:post_type>
<wp:post_password></wp:post_password>
<wp:is_sticky>0</wp:is_sticky>
<wp:postmeta>
<wp:meta_key>_edit_lock</wp:meta_key>
<wp:meta_value>1263032363</wp:meta_value>
</wp:postmeta>
<wp:postmeta>
<wp:meta_key>_edit_last</wp:meta_key>
<wp:meta_value>1</wp:meta_value>
</wp:postmeta>
<wp:postmeta>
<wp:meta_key>_wp_page_template</wp:meta_key>
<wp:meta_value>default</wp:meta_value>
</wp:postmeta>
<wp:postmeta>
<wp:meta_key>image</wp:meta_key>
<wp:meta_value></wp:meta_value>
</wp:postmeta>
<wp:postmeta>
<wp:meta_key>image2</wp:meta_key>
<wp:meta_value></wp:meta_value>
</wp:postmeta>
<wp:postmeta>
<wp:meta_key>caption</wp:meta_key>
<wp:meta_value>Default Caption</wp:meta_value>
</wp:postmeta>
<wp:postmeta>
<wp:meta_key>post_select</wp:meta_key>
<wp:meta_value>one</wp:meta_value>
</wp:postmeta>
<wp:postmeta>
<wp:meta_key>post_checkbox_true</wp:meta_key>
<wp:meta_value>true</wp:meta_value>
</wp:postmeta>
<wp:postmeta>
<wp:meta_key>post_checkbox_false</wp:meta_key>
<wp:meta_value>false</wp:meta_value>
</wp:postmeta>
<wp:postmeta>
<wp:meta_key>embed</wp:meta_key>
<wp:meta_value>This is the default text</wp:meta_value>
</wp:postmeta>
	</item>
<item>
<title>Sitemap</title>
<link>http://localhost/test/?page_id=18</link>
<pubDate>Sat, 09 Jan 2010 10:19:37 +0000</pubDate>
<dc:creator><![CDATA[admin]]></dc:creator>

		<category><![CDATA[General]]></category>

		<category domain="category" nicename="general"><![CDATA[General]]></category>

<guid isPermaLink="false">http://localhost/test/?page_id=18</guid>
<description></description>
<content:encoded><![CDATA[]]></content:encoded>
<excerpt:encoded><![CDATA[]]></excerpt:encoded>
<wp:post_id>18</wp:post_id>
<wp:post_date>2010-01-09 10:19:37</wp:post_date>
<wp:post_date_gmt>2010-01-09 10:19:37</wp:post_date_gmt>
<wp:comment_status>open</wp:comment_status>
<wp:ping_status>open</wp:ping_status>
<wp:post_name>sitemap</wp:post_name>
<wp:status>publish</wp:status>
<wp:post_parent>15</wp:post_parent>
<wp:menu_order>0</wp:menu_order>
<wp:post_type>page</wp:post_type>
<wp:post_password></wp:post_password>
<wp:is_sticky>0</wp:is_sticky>
<wp:postmeta>
<wp:meta_key>_edit_lock</wp:meta_key>
<wp:meta_value>1263032422</wp:meta_value>
</wp:postmeta>
<wp:postmeta>
<wp:meta_key>_edit_last</wp:meta_key>
<wp:meta_value>1</wp:meta_value>
</wp:postmeta>
<wp:postmeta>
<wp:meta_key>_wp_page_template</wp:meta_key>
<wp:meta_value>template-sitemap.php</wp:meta_value>
</wp:postmeta>
<wp:postmeta>
<wp:meta_key>image</wp:meta_key>
<wp:meta_value></wp:meta_value>
</wp:postmeta>
<wp:postmeta>
<wp:meta_key>image2</wp:meta_key>
<wp:meta_value></wp:meta_value>
</wp:postmeta>
<wp:postmeta>
<wp:meta_key>caption</wp:meta_key>
<wp:meta_value>Default Caption</wp:meta_value>
</wp:postmeta>
<wp:postmeta>
<wp:meta_key>post_select</wp:meta_key>
<wp:meta_value>one</wp:meta_value>
</wp:postmeta>
<wp:postmeta>
<wp:meta_key>post_checkbox_true</wp:meta_key>
<wp:meta_value>true</wp:meta_value>
</wp:postmeta>
<wp:postmeta>
<wp:meta_key>post_checkbox_false</wp:meta_key>
<wp:meta_value>false</wp:meta_value>
</wp:postmeta>
<wp:postmeta>
<wp:meta_key>embed</wp:meta_key>
<wp:meta_value>This is the default text</wp:meta_value>
</wp:postmeta>
	</item>
<item>
<title>Archives</title>
<link>http://localhost/test/?page_id=20</link>
<pubDate>Sat, 09 Jan 2010 10:19:51 +0000</pubDate>
<dc:creator><![CDATA[admin]]></dc:creator>

		<category><![CDATA[General]]></category>

		<category domain="category" nicename="general"><![CDATA[General]]></category>

<guid isPermaLink="false">http://localhost/test/?page_id=20</guid>
<description></description>
<content:encoded><![CDATA[]]></content:encoded>
<excerpt:encoded><![CDATA[]]></excerpt:encoded>
<wp:post_id>20</wp:post_id>
<wp:post_date>2010-01-09 10:19:51</wp:post_date>
<wp:post_date_gmt>2010-01-09 10:19:51</wp:post_date_gmt>
<wp:comment_status>open</wp:comment_status>
<wp:ping_status>open</wp:ping_status>
<wp:post_name>archives</wp:post_name>
<wp:status>publish</wp:status>
<wp:post_parent>15</wp:post_parent>
<wp:menu_order>0</wp:menu_order>
<wp:post_type>page</wp:post_type>
<wp:post_password></wp:post_password>
<wp:is_sticky>0</wp:is_sticky>
<wp:postmeta>
<wp:meta_key>_edit_lock</wp:meta_key>
<wp:meta_value>1263032410</wp:meta_value>
</wp:postmeta>
<wp:postmeta>
<wp:meta_key>_edit_last</wp:meta_key>
<wp:meta_value>1</wp:meta_value>
</wp:postmeta>
<wp:postmeta>
<wp:meta_key>_wp_page_template</wp:meta_key>
<wp:meta_value>template-archives.php</wp:meta_value>
</wp:postmeta>
<wp:postmeta>
<wp:meta_key>image</wp:meta_key>
<wp:meta_value></wp:meta_value>
</wp:postmeta>
<wp:postmeta>
<wp:meta_key>image2</wp:meta_key>
<wp:meta_value></wp:meta_value>
</wp:postmeta>
<wp:postmeta>
<wp:meta_key>caption</wp:meta_key>
<wp:meta_value>Default Caption</wp:meta_value>
</wp:postmeta>
<wp:postmeta>
<wp:meta_key>post_select</wp:meta_key>
<wp:meta_value>one</wp:meta_value>
</wp:postmeta>
<wp:postmeta>
<wp:meta_key>post_checkbox_true</wp:meta_key>
<wp:meta_value>true</wp:meta_value>
</wp:postmeta>
<wp:postmeta>
<wp:meta_key>post_checkbox_false</wp:meta_key>
<wp:meta_value>false</wp:meta_value>
</wp:postmeta>
<wp:postmeta>
<wp:meta_key>embed</wp:meta_key>
<wp:meta_value>This is the default text</wp:meta_value>
</wp:postmeta>
	</item>
<item>
<title>Full Width</title>
<link>http://localhost/test/?page_id=28</link>
<pubDate>Sat, 09 Jan 2010 10:44:34 +0000</pubDate>
<dc:creator><![CDATA[admin]]></dc:creator>

		<category><![CDATA[General]]></category>

		<category domain="category" nicename="general"><![CDATA[General]]></category>

<guid isPermaLink="false">http://localhost/test/?page_id=28</guid>
<description></description>
<content:encoded><![CDATA[Euismod amet leo, cras et massa, eleifend egestas. Urna in nunc, nunc vivamus. Cum arcu pretium, sed sed. In nonummy, tempor molestie id, omnis tellus. A risus dolor, vitae et donec, mauris amet posuere. Donec in, nonummy dolor luctus. Laoreet ligula, pretium nisl eleifend, malesuada tincidunt cursus. Congue velit iaculis.

Tincidunt varius sequi, integer magna ac, donec curabitur. Rhoncus sed. Lectus vitae augue, mauris tincidunt. Ut nec fermentum, dolor vestibulum. Nunc neque tincidunt, non dictumst tempus. Et id, duis sit arcu, felis porta donec. Proin tincidunt.

Cum arcu pretium, sed sed. In nonummy, tempor molestie id, omnis tellus. A risus dolor, vitae et donec, mauris amet posuere. Donec in, nonummy dolor luctus. Laoreet ligula, pretium nisl eleifend, malesuada tincidunt cursus. Congue velit iaculis.]]></content:encoded>
<excerpt:encoded><![CDATA[]]></excerpt:encoded>
<wp:post_id>28</wp:post_id>
<wp:post_date>2010-01-09 10:44:34</wp:post_date>
<wp:post_date_gmt>2010-01-09 10:44:34</wp:post_date_gmt>
<wp:comment_status>open</wp:comment_status>
<wp:ping_status>open</wp:ping_status>
<wp:post_name>full-width</wp:post_name>
<wp:status>publish</wp:status>
<wp:post_parent>15</wp:post_parent>
<wp:menu_order>0</wp:menu_order>
<wp:post_type>page</wp:post_type>
<wp:post_password></wp:post_password>
<wp:is_sticky>0</wp:is_sticky>
<wp:postmeta>
<wp:meta_key>_edit_lock</wp:meta_key>
<wp:meta_value>1263034597</wp:meta_value>
</wp:postmeta>
<wp:postmeta>
<wp:meta_key>_edit_last</wp:meta_key>
<wp:meta_value>1</wp:meta_value>
</wp:postmeta>
<wp:postmeta>
<wp:meta_key>_wp_page_template</wp:meta_key>
<wp:meta_value>template-fullwidth.php</wp:meta_value>
</wp:postmeta>
<wp:postmeta>
<wp:meta_key>image</wp:meta_key>
<wp:meta_value></wp:meta_value>
</wp:postmeta>
<wp:postmeta>
<wp:meta_key>image2</wp:meta_key>
<wp:meta_value></wp:meta_value>
</wp:postmeta>
<wp:postmeta>
<wp:meta_key>caption</wp:meta_key>
<wp:meta_value>Default Caption</wp:meta_value>
</wp:postmeta>
<wp:postmeta>
<wp:meta_key>post_select</wp:meta_key>
<wp:meta_value>one</wp:meta_value>
</wp:postmeta>
<wp:postmeta>
<wp:meta_key>post_checkbox_true</wp:meta_key>
<wp:meta_value>true</wp:meta_value>
</wp:postmeta>
<wp:postmeta>
<wp:meta_key>post_checkbox_false</wp:meta_key>
<wp:meta_value>false</wp:meta_value>
</wp:postmeta>
<wp:postmeta>
<wp:meta_key>embed</wp:meta_key>
<wp:meta_value>This is the default text</wp:meta_value>
</wp:postmeta>
	</item>
<item>
<title>Contact Form</title>
<link>http://localhost/test/?page_id=30</link>
<pubDate>Sun, 10 Jan 2010 19:52:12 +0000</pubDate>
<dc:creator><![CDATA[admin]]></dc:creator>

		<category><![CDATA[General]]></category>

		<category domain="category" nicename="general"><![CDATA[General]]></category>

<guid isPermaLink="false">http://localhost/test/?page_id=30</guid>
<description></description>
<content:encoded><![CDATA[This is a simple contact form page template. To add it, simply add a new page and select the “Contact Form” page template in the “Attributes” panel. You can add your contact e-mail in the options panel under “General Settings”.]]></content:encoded>
<excerpt:encoded><![CDATA[]]></excerpt:encoded>
<wp:post_id>30</wp:post_id>
<wp:post_date>2010-01-10 19:52:12</wp:post_date>
<wp:post_date_gmt>2010-01-10 19:52:12</wp:post_date_gmt>
<wp:comment_status>open</wp:comment_status>
<wp:ping_status>open</wp:ping_status>
<wp:post_name>contact-form</wp:post_name>
<wp:status>publish</wp:status>
<wp:post_parent>15</wp:post_parent>
<wp:menu_order>0</wp:menu_order>
<wp:post_type>page</wp:post_type>
<wp:post_password></wp:post_password>
<wp:is_sticky>0</wp:is_sticky>
<wp:postmeta>
<wp:meta_key>_edit_lock</wp:meta_key>
<wp:meta_value>1263153864</wp:meta_value>
</wp:postmeta>
<wp:postmeta>
<wp:meta_key>_edit_last</wp:meta_key>
<wp:meta_value>1</wp:meta_value>
</wp:postmeta>
<wp:postmeta>
<wp:meta_key>_wp_page_template</wp:meta_key>
<wp:meta_value>template-contact.php</wp:meta_value>
</wp:postmeta>
<wp:postmeta>
<wp:meta_key>image</wp:meta_key>
<wp:meta_value></wp:meta_value>
</wp:postmeta>
<wp:postmeta>
<wp:meta_key>image2</wp:meta_key>
<wp:meta_value></wp:meta_value>
</wp:postmeta>
<wp:postmeta>
<wp:meta_key>caption</wp:meta_key>
<wp:meta_value>Default Caption</wp:meta_value>
</wp:postmeta>
<wp:postmeta>
<wp:meta_key>post_select</wp:meta_key>
<wp:meta_value>one</wp:meta_value>
</wp:postmeta>
<wp:postmeta>
<wp:meta_key>post_checkbox_true</wp:meta_key>
<wp:meta_value>true</wp:meta_value>
</wp:postmeta>
<wp:postmeta>
<wp:meta_key>post_checkbox_false</wp:meta_key>
<wp:meta_value>false</wp:meta_value>
</wp:postmeta>
<wp:postmeta>
<wp:meta_key>embed</wp:meta_key>
<wp:meta_value>This is the default text</wp:meta_value>
</wp:postmeta>
	</item>
<item>
<title>Image Gallery</title>
<link>http://localhost/test/?page_id=34</link>
<pubDate>Mon, 11 Jan 2010 12:31:45 +0000</pubDate>
<dc:creator><![CDATA[admin]]></dc:creator>

		<category><![CDATA[General]]></category>

		<category domain="category" nicename="general"><![CDATA[General]]></category>

<guid isPermaLink="false">http://localhost/test/?page_id=34</guid>
<description></description>
<content:encoded><![CDATA[]]></content:encoded>
<excerpt:encoded><![CDATA[]]></excerpt:encoded>
<wp:post_id>34</wp:post_id>
<wp:post_date>2010-01-11 12:31:45</wp:post_date>
<wp:post_date_gmt>2010-01-11 12:31:45</wp:post_date_gmt>
<wp:comment_status>open</wp:comment_status>
<wp:ping_status>open</wp:ping_status>
<wp:post_name>image-gallery</wp:post_name>
<wp:status>publish</wp:status>
<wp:post_parent>15</wp:post_parent>
<wp:menu_order>0</wp:menu_order>
<wp:post_type>page</wp:post_type>
<wp:post_password></wp:post_password>
<wp:is_sticky>0</wp:is_sticky>
<wp:postmeta>
<wp:meta_key>_edit_lock</wp:meta_key>
<wp:meta_value>1263214369</wp:meta_value>
</wp:postmeta>
<wp:postmeta>
<wp:meta_key>_edit_last</wp:meta_key>
<wp:meta_value>1</wp:meta_value>
</wp:postmeta>
<wp:postmeta>
<wp:meta_key>_wp_page_template</wp:meta_key>
<wp:meta_value>template-imagegallery.php</wp:meta_value>
</wp:postmeta>
<wp:postmeta>
<wp:meta_key>image</wp:meta_key>
<wp:meta_value></wp:meta_value>
</wp:postmeta>
	</item>
<item>
<title>Pellentesque risus diam vestibulum</title>
<link>http://localhost/test/?p=53</link>
<pubDate>Mon, 11 Jan 2010 15:10:12 +0000</pubDate>
<dc:creator><![CDATA[admin]]></dc:creator>

		<category><![CDATA[General]]></category>

		<category domain="category" nicename="general"><![CDATA[General]]></category>

		<category><![CDATA[Sub Category 2]]></category>

		<category domain="category" nicename="sub-category-2"><![CDATA[Sub Category 2]]></category>

<guid isPermaLink="false">http://localhost/test/?p=53</guid>
<description></description>
<content:encoded><![CDATA[Accumsan amet. Ut erat. Interdum aliquam donec accumsan pellentesque, tortor donec ut vestibulum in praesent nulla, enim semper habitant lorem viverra, vel dignissim quam vivamus sapien phasellus. Commodo ac pellentesque hac eu, eu ut elit, integer mauris libero. Libero turpis, sociosqu imperdiet, amet nonummy varius vestibulum pharetra rutrum, lectus tellus nascetur, et sit wisi lorem odio sint tempus. Aliquip quisque suspendisse nec, euismod lectus in quis iaculis in sed. Dis eros adipiscing, erat quisque nec.

Pellentesque risus diam vestibulum phasellus, aliquam vivamus, tempus urna habitant tempus a et, aliquam maecenas molestie nullam. Enim tincidunt venenatis. Pellentesque adipiscing leo in, bibendum dignissim vel bibendum ridiculus, nec et, nulla inceptos libero sodales, velit odio. Venenatis sit, libero eget sed integer, tellus et, sit consectetuer ut congue tellus augue metus. Condimentum tincidunt nulla convallis est tortor. Massa id mauris sed. In et platea eget potenti nec neque, ornare fusce in consectetuer donec sollicitudin eu, mauris id viverra aenean ante non. Viverra eros integer ultricies neque.

Sed sed, potenti vestibulum eu, suscipit erat et, eget et sit nulla vulputate at nunc, risus quis amet. Luctus suscipit nec ultrices mauris ante, a nunc nunc mollis leo ut, a neque a, fringilla imperdiet iaculis. Pharetra temporibus morbi pellentesque non. Ante amet est tincidunt ornare vitae odio, nunc enim id turpis egestas nibh, ligula varius vel sodales, eget nunc in luctus lorem laoreet orci. Morbi justo euismod. Eget mi eros magna suscipit.

Pede pellentesque, nam ipsum suscipit fringilla sed sed arcu, lobortis tellus diam et sed. Id euismod porttitor, phasellus id, tempus mauris. In arcu vivamus nullam. Mattis in eu nulla. Urna dictum viverra porta, pulvinar nec sint aliquet porta tellus elit, et non ut suspendisse odio aliquet nulla, mauris mi nostra a, suscipit et ipsum sem nec. Sociosqu nunc tellus mi imperdiet ante suspendisse. Ipsum ut auctor urna est elementum dui, ut et suscipit iaculis. Nonummy non arcu donec a justo in, lectus semper malesuada in vel, luctus nec senectus aenean, eros sit in mauris vestibulum wisi.]]></content:encoded>
<excerpt:encoded><![CDATA[]]></excerpt:encoded>
<wp:post_id>53</wp:post_id>
<wp:post_date>2010-01-11 15:10:12</wp:post_date>
<wp:post_date_gmt>2010-01-11 15:10:12</wp:post_date_gmt>
<wp:comment_status>open</wp:comment_status>
<wp:ping_status>open</wp:ping_status>
<wp:post_name>pellentesque-risus-diam-vestibulum</wp:post_name>
<wp:status>publish</wp:status>
<wp:post_parent>0</wp:post_parent>
<wp:menu_order>0</wp:menu_order>
<wp:post_type>post</wp:post_type>
<wp:post_password></wp:post_password>
<wp:is_sticky>0</wp:is_sticky>
<wp:postmeta>
<wp:meta_key>_edit_lock</wp:meta_key>
<wp:meta_value>1263222613</wp:meta_value>
</wp:postmeta>
<wp:postmeta>
<wp:meta_key>_edit_last</wp:meta_key>
<wp:meta_value>1</wp:meta_value>
</wp:postmeta>
<wp:postmeta>
<wp:meta_key>image</wp:meta_key>
<wp:meta_value>http://farm3.static.flickr.com/2704/4130341309_d28d3fe356_b.jpg</wp:meta_value>
</wp:postmeta>
<wp:postmeta>
<wp:meta_key>_encloseme</wp:meta_key>
<wp:meta_value>1</wp:meta_value>
</wp:postmeta>
	</item>
<item>
<title>Lobortis tellus diam</title>
<link>http://localhost/test/?p=56</link>
<pubDate>Mon, 11 Jan 2010 15:11:39 +0000</pubDate>
<dc:creator><![CDATA[admin]]></dc:creator>

		<category><![CDATA[Sub Category 1]]></category>

		<category domain="category" nicename="sub-category-1"><![CDATA[Sub Category 1]]></category>

<guid isPermaLink="false">http://localhost/test/?p=56</guid>
<description></description>
<content:encoded><![CDATA[Pellentesque risus diam vestibulum phasellus, aliquam vivamus, tempus urna habitant tempus a et, aliquam maecenas molestie nullam. Enim tincidunt venenatis. Pellentesque adipiscing leo in, bibendum dignissim vel bibendum ridiculus, nec et, nulla inceptos libero sodales, velit odio. Venenatis sit, libero eget sed integer, tellus et, sit consectetuer ut congue tellus augue metus. Condimentum tincidunt nulla convallis est tortor. Massa id mauris sed. In et platea eget potenti nec neque, ornare fusce in consectetuer donec sollicitudin eu, mauris id viverra aenean ante non. Viverra eros integer ultricies neque.

Sed sed, potenti vestibulum eu, suscipit erat et, eget et sit nulla vulputate at nunc, risus quis amet. Luctus suscipit nec ultrices mauris ante, a nunc nunc mollis leo ut, a neque a, fringilla imperdiet iaculis. Pharetra temporibus morbi pellentesque non. Ante amet est tincidunt ornare vitae odio, nunc enim id turpis egestas nibh, ligula varius vel sodales, eget nunc in luctus lorem laoreet orci. Morbi justo euismod. Eget mi eros magna suscipit.

Pede pellentesque, nam ipsum suscipit fringilla sed sed arcu, lobortis tellus diam et sed. Id euismod porttitor, phasellus id, tempus mauris. In arcu vivamus nullam. Mattis in eu nulla. Urna dictum viverra porta, pulvinar nec sint aliquet porta tellus elit, et non ut suspendisse odio aliquet nulla, mauris mi nostra a, suscipit et ipsum sem nec. Sociosqu nunc tellus mi imperdiet ante suspendisse. Ipsum ut auctor urna est elementum dui, ut et suscipit iaculis. Nonummy non arcu donec a justo in, lectus semper malesuada in vel, luctus nec senectus aenean, eros sit in mauris vestibulum wisi.]]></content:encoded>
<excerpt:encoded><![CDATA[]]></excerpt:encoded>
<wp:post_id>56</wp:post_id>
<wp:post_date>2010-01-11 15:11:39</wp:post_date>
<wp:post_date_gmt>2010-01-11 15:11:39</wp:post_date_gmt>
<wp:comment_status>open</wp:comment_status>
<wp:ping_status>open</wp:ping_status>
<wp:post_name>lobortis-tellus-diam</wp:post_name>
<wp:status>publish</wp:status>
<wp:post_parent>0</wp:post_parent>
<wp:menu_order>0</wp:menu_order>
<wp:post_type>post</wp:post_type>
<wp:post_password></wp:post_password>
<wp:is_sticky>0</wp:is_sticky>
<wp:postmeta>
<wp:meta_key>_edit_lock</wp:meta_key>
<wp:meta_value>1263222746</wp:meta_value>
</wp:postmeta>
<wp:postmeta>
<wp:meta_key>_edit_last</wp:meta_key>
<wp:meta_value>1</wp:meta_value>
</wp:postmeta>
<wp:postmeta>
<wp:meta_key>image</wp:meta_key>
<wp:meta_value>http://farm3.static.flickr.com/2717/4130341153_04ab895ab1_b.jpg</wp:meta_value>
</wp:postmeta>
<wp:postmeta>
<wp:meta_key>_encloseme</wp:meta_key>
<wp:meta_value>1</wp:meta_value>
</wp:postmeta>
	</item>
<item>
<title>Testing Some Boxes</title>
<link>http://localhost/test/?p=10</link>
<pubDate>Mon, 11 Jan 2010 15:12:08 +0000</pubDate>
<dc:creator><![CDATA[admin]]></dc:creator>

		<category><![CDATA[Category 3]]></category>

		<category domain="category" nicename="category-3"><![CDATA[Category 3]]></category>

		<category><![CDATA[General]]></category>

		<category domain="category" nicename="general"><![CDATA[General]]></category>

		<category domain="tag"><![CDATA[alert]]></category>

		<category domain="tag" nicename="alert"><![CDATA[alert]]></category>

		<category domain="tag"><![CDATA[download]]></category>

		<category domain="tag" nicename="download"><![CDATA[download]]></category>

		<category domain="tag"><![CDATA[info]]></category>

		<category domain="tag" nicename="info"><![CDATA[info]]></category>

		<category domain="tag"><![CDATA[note]]></category>

		<category domain="tag" nicename="note"><![CDATA[note]]></category>

<guid isPermaLink="false">http://localhost/test/?p=10</guid>
<description></description>
<content:encoded><![CDATA[Euismod amet leo, cras et massa, eleifend egestas. Urna in nunc, nunc vivamus. Cum arcu pretium, sed sed. In nonummy, tempor molestie id, omnis tellus. A risus dolor, vitae et donec, mauris amet posuere. Donec in, nonummy dolor luctus. Laoreet ligula, pretium nisl eleifend, malesuada tincidunt cursus. Congue velit iaculis.
<!--more-->
<p class="alert">This is an alert box. Add this box by adding <em>class="alert"</em> to the paragraph.</p>
<p class="download">This is a download box. Example: &lt;p class="download"&gt;Grab this download&lt;p&gt;</p>
<p class="info">This is an info box.</p>
<p class="note">This is a note box.</p>
<p class="tick">This is a tick box.</p>
In nonummy, tempor molestie id, omnis tellus. A risus dolor, vitae et donec, mauris amet posuere. Donec in, nonummy dolor luctus. Laoreet ligula, pretium nisl eleifend, malesuada tincidunt cursus. Congue velit iaculis.]]></content:encoded>
<excerpt:encoded><![CDATA[]]></excerpt:encoded>
<wp:post_id>10</wp:post_id>
<wp:post_date>2010-01-11 15:12:08</wp:post_date>
<wp:post_date_gmt>2010-01-11 15:12:08</wp:post_date_gmt>
<wp:comment_status>open</wp:comment_status>
<wp:ping_status>open</wp:ping_status>
<wp:post_name>testing-some-boxes</wp:post_name>
<wp:status>publish</wp:status>
<wp:post_parent>0</wp:post_parent>
<wp:menu_order>0</wp:menu_order>
<wp:post_type>post</wp:post_type>
<wp:post_password></wp:post_password>
<wp:is_sticky>0</wp:is_sticky>
<wp:postmeta>
<wp:meta_key>_encloseme</wp:meta_key>
<wp:meta_value>1</wp:meta_value>
</wp:postmeta>
<wp:postmeta>
<wp:meta_key>_encloseme</wp:meta_key>
<wp:meta_value>1</wp:meta_value>
</wp:postmeta>
<wp:postmeta>
<wp:meta_key>_edit_lock</wp:meta_key>
<wp:meta_value>1263223557</wp:meta_value>
</wp:postmeta>
<wp:postmeta>
<wp:meta_key>_edit_last</wp:meta_key>
<wp:meta_value>1</wp:meta_value>
</wp:postmeta>
<wp:postmeta>
<wp:meta_key>_encloseme</wp:meta_key>
<wp:meta_value>1</wp:meta_value>
</wp:postmeta>
<wp:postmeta>
<wp:meta_key>_encloseme</wp:meta_key>
<wp:meta_value>1</wp:meta_value>
</wp:postmeta>
<wp:postmeta>
<wp:meta_key>image</wp:meta_key>
<wp:meta_value>http://farm3.static.flickr.com/2515/4130341719_4301518f57_b.jpg</wp:meta_value>
</wp:postmeta>
<wp:postmeta>
<wp:meta_key>_encloseme</wp:meta_key>
<wp:meta_value>1</wp:meta_value>
</wp:postmeta>
<wp:postmeta>
<wp:meta_key>_encloseme</wp:meta_key>
<wp:meta_value>1</wp:meta_value>
</wp:postmeta>
<wp:postmeta>
<wp:meta_key>_encloseme</wp:meta_key>
<wp:meta_value>1</wp:meta_value>
</wp:postmeta>
<wp:postmeta>
<wp:meta_key>_encloseme</wp:meta_key>
<wp:meta_value>1</wp:meta_value>
</wp:postmeta>
<wp:postmeta>
<wp:meta_key>_encloseme</wp:meta_key>
<wp:meta_value>1</wp:meta_value>
</wp:postmeta>
<wp:postmeta>
<wp:meta_key>_encloseme</wp:meta_key>
<wp:meta_value>1</wp:meta_value>
</wp:postmeta>
<wp:postmeta>
<wp:meta_key>_encloseme</wp:meta_key>
<wp:meta_value>1</wp:meta_value>
</wp:postmeta>
<wp:comment>
<wp:comment_id>7</wp:comment_id>
<wp:comment_author><![CDATA[admin]]></wp:comment_author>
<wp:comment_author_email>magnus@jepson.no</wp:comment_author_email>
<wp:comment_author_url></wp:comment_author_url>
<wp:comment_author_IP>127.0.0.1</wp:comment_author_IP>
<wp:comment_date>2010-01-11 15:19:58</wp:comment_date>
<wp:comment_date_gmt>2010-01-11 15:19:58</wp:comment_date_gmt>
<wp:comment_content><![CDATA[Very nice boxes!]]></wp:comment_content>
<wp:comment_approved>1</wp:comment_approved>
<wp:comment_type></wp:comment_type>
<wp:comment_parent>0</wp:comment_parent>
<wp:comment_user_id>1</wp:comment_user_id>
</wp:comment>
	</item>
<item>
<title>Testing The Elements</title>
<link>http://localhost/test/?p=3</link>
<pubDate>Mon, 11 Jan 2010 15:12:16 +0000</pubDate>
<dc:creator><![CDATA[admin]]></dc:creator>

		<category><![CDATA[General]]></category>

		<category domain="category" nicename="general"><![CDATA[General]]></category>

		<category><![CDATA[Sub Category 2]]></category>

		<category domain="category" nicename="sub-category-2"><![CDATA[Sub Category 2]]></category>

		<category domain="tag"><![CDATA[blockquote]]></category>

		<category domain="tag" nicename="blockquote"><![CDATA[blockquote]]></category>

		<category domain="tag"><![CDATA[elements]]></category>

		<category domain="tag" nicename="elements"><![CDATA[elements]]></category>

		<category domain="tag"><![CDATA[lists]]></category>

		<category domain="tag" nicename="lists"><![CDATA[lists]]></category>

		<category domain="tag"><![CDATA[ordered]]></category>

		<category domain="tag" nicename="ordered"><![CDATA[ordered]]></category>

		<category domain="tag"><![CDATA[strong]]></category>

		<category domain="tag" nicename="strong"><![CDATA[strong]]></category>

		<category domain="tag"><![CDATA[unordered]]></category>

		<category domain="tag" nicename="unordered"><![CDATA[unordered]]></category>

<guid isPermaLink="false">http://localhost/test/?p=3</guid>
<description></description>
<content:encoded><![CDATA[Tincidunt varius sequi, integer magna ac, donec curabitur. Rhoncus sed. Lectus vitae augue, mauris tincidunt. Ut nec fermentum, dolor vestibulum. <a title="Testing the link styling" href="#">Nunc neque tincidunt, non dictumst tempus</a>. Et id, duis sit arcu, felis porta donec. Proin tincidunt.

Cum arcu pretium, sed sed. In nonummy, tempor molestie id, omnis tellus. A risus dolor, vitae et donec, mauris amet posuere. Donec in, nonummy dolor luctus. Laoreet ligula, pretium nisl eleifend, malesuada tincidunt cursus. Congue velit iaculis.

<!--more-->
<ul>
	<li>One</li>
	<li>Two
<ul>
	<li>Two Point One</li>
	<li>Two Point Three</li>
</ul>
</li>
	<li>Three</li>
	<li>Four</li>
</ul>
Euismod amet leo, cras et massa, eleifend egestas. Urna in nunc, nunc vivamus. Cum arcu pretium, sed sed. In nonummy, tempor molestie id, omnis tellus. A risus dolor, vitae et donec, mauris amet posuere. Donec in, nonummy dolor luctus. Laoreet ligula, pretium nisl eleifend, malesuada tincidunt cursus. Congue velit iaculis.
<ol>
	<li>One</li>
	<li>Two</li>
	<li>Three
<ol>
	<li>Three.One</li>
	<li>Three.Two</li>
</ol>
</li>
	<li>Four</li>
</ol>
<strong> Egestas at amet. Pharetra mauris. </strong>Mattis quam feugiat, iure ipsum. Vel fringilla, accumsan nam rhoncus, orci diam. Aenean sit sodales, urna porttitor. Nulla enim consequat, amet congue. Mauris vulputate, nonummy vel.

<h1>Header 1</h1>
<h2>Header 2</h2>
<h3>Header 3</h3>
<h4>Header 4</h4>
<h5>Header 5</h5>
<h6>Header 6</h6>


Euismod amet leo, cras et massa, eleifend egestas. Urna in nunc, nunc vivamus. Cum arcu pretium, sed sed. In nonummy, tempor molestie id, omnis tellus. A risus dolor, vitae et donec, mauris amet posuere. Donec in, nonummy dolor luctus. Laoreet ligula, pretium nisl eleifend, malesuada tincidunt cursus. Congue velit iaculis.

<blockquote>Tincidunt varius sequi, integer magna ac, donec curabitur. Rhoncus sed. Lectus vitae augue, mauris tincidunt. Ut nec fermentum, dolor vestibulum. Nunc neque tincidunt, non dictumst tempus. Et id, duis sit arcu, felis porta donec. Proin tincidunt.

<strong> Egestas at amet. Pharetra mauris. </strong>Mattis quam feugiat, iure ipsum. Vel fringilla, accumsan nam rhoncus, orci diam. Aenean sit sodales, urna porttitor. Nulla enim consequat, amet congue. Mauris vulputate, nonummy vel.</blockquote>
Phasellus lorem aliquam, pede morbi, nulla sed. Urna ut a. Mattis viverra dignissim, suspendisse risus, felis a. Sit nec. Sit egestas condimentum. Tempor quisque sit, commodo justo consequat. Augue fermentum, est vulputate et, purus et. Tincidunt quam enim, ac a pede.]]></content:encoded>
<excerpt:encoded><![CDATA[]]></excerpt:encoded>
<wp:post_id>3</wp:post_id>
<wp:post_date>2010-01-11 15:12:16</wp:post_date>
<wp:post_date_gmt>2010-01-11 15:12:16</wp:post_date_gmt>
<wp:comment_status>open</wp:comment_status>
<wp:ping_status>open</wp:ping_status>
<wp:post_name>testing-the-elements</wp:post_name>
<wp:status>publish</wp:status>
<wp:post_parent>0</wp:post_parent>
<wp:menu_order>0</wp:menu_order>
<wp:post_type>post</wp:post_type>
<wp:post_password></wp:post_password>
<wp:is_sticky>0</wp:is_sticky>
<wp:postmeta>
<wp:meta_key>_edit_lock</wp:meta_key>
<wp:meta_value>1263222763</wp:meta_value>
</wp:postmeta>
<wp:postmeta>
<wp:meta_key>_edit_last</wp:meta_key>
<wp:meta_value>1</wp:meta_value>
</wp:postmeta>
<wp:postmeta>
<wp:meta_key>_encloseme</wp:meta_key>
<wp:meta_value>1</wp:meta_value>
</wp:postmeta>
<wp:postmeta>
<wp:meta_key>_encloseme</wp:meta_key>
<wp:meta_value>1</wp:meta_value>
</wp:postmeta>
<wp:postmeta>
<wp:meta_key>image</wp:meta_key>
<wp:meta_value>http://farm3.static.flickr.com/2583/4131104704_31fb82ce85_b.jpg</wp:meta_value>
</wp:postmeta>
<wp:postmeta>
<wp:meta_key>_encloseme</wp:meta_key>
<wp:meta_value>1</wp:meta_value>
</wp:postmeta>
<wp:postmeta>
<wp:meta_key>_encloseme</wp:meta_key>
<wp:meta_value>1</wp:meta_value>
</wp:postmeta>
<wp:postmeta>
<wp:meta_key>_encloseme</wp:meta_key>
<wp:meta_value>1</wp:meta_value>
</wp:postmeta>
<wp:postmeta>
<wp:meta_key>_encloseme</wp:meta_key>
<wp:meta_value>1</wp:meta_value>
</wp:postmeta>
<wp:postmeta>
<wp:meta_key>_encloseme</wp:meta_key>
<wp:meta_value>1</wp:meta_value>
</wp:postmeta>
<wp:postmeta>
<wp:meta_key>_encloseme</wp:meta_key>
<wp:meta_value>1</wp:meta_value>
</wp:postmeta>
<wp:postmeta>
<wp:meta_key>_encloseme</wp:meta_key>
<wp:meta_value>1</wp:meta_value>
</wp:postmeta>
<wp:postmeta>
<wp:meta_key>_encloseme</wp:meta_key>
<wp:meta_value>1</wp:meta_value>
</wp:postmeta>
<wp:comment>
<wp:comment_id>2</wp:comment_id>
<wp:comment_author><![CDATA[admin]]></wp:comment_author>
<wp:comment_author_email>magnus@jepson.no</wp:comment_author_email>
<wp:comment_author_url></wp:comment_author_url>
<wp:comment_author_IP>127.0.0.1</wp:comment_author_IP>
<wp:comment_date>2010-01-11 15:13:54</wp:comment_date>
<wp:comment_date_gmt>2010-01-11 15:13:54</wp:comment_date_gmt>
<wp:comment_content><![CDATA[This is a comment!]]></wp:comment_content>
<wp:comment_approved>1</wp:comment_approved>
<wp:comment_type></wp:comment_type>
<wp:comment_parent>0</wp:comment_parent>
<wp:comment_user_id>1</wp:comment_user_id>
</wp:comment>
<wp:comment>
<wp:comment_id>3</wp:comment_id>
<wp:comment_author><![CDATA[admin]]></wp:comment_author>
<wp:comment_author_email>magnus@jepson.no</wp:comment_author_email>
<wp:comment_author_url></wp:comment_author_url>
<wp:comment_author_IP>127.0.0.1</wp:comment_author_IP>
<wp:comment_date>2010-01-11 15:14:06</wp:comment_date>
<wp:comment_date_gmt>2010-01-11 15:14:06</wp:comment_date_gmt>
<wp:comment_content><![CDATA[This is another comment!]]></wp:comment_content>
<wp:comment_approved>1</wp:comment_approved>
<wp:comment_type></wp:comment_type>
<wp:comment_parent>0</wp:comment_parent>
<wp:comment_user_id>1</wp:comment_user_id>
</wp:comment>
<wp:comment>
<wp:comment_id>4</wp:comment_id>
<wp:comment_author><![CDATA[admin]]></wp:comment_author>
<wp:comment_author_email>magnus@jepson.no</wp:comment_author_email>
<wp:comment_author_url></wp:comment_author_url>
<wp:comment_author_IP>127.0.0.1</wp:comment_author_IP>
<wp:comment_date>2010-01-11 15:14:40</wp:comment_date>
<wp:comment_date_gmt>2010-01-11 15:14:40</wp:comment_date_gmt>
<wp:comment_content><![CDATA[And this is a third comment with some lorem ipsum!

Accumsan amet. Ut erat. Interdum aliquam donec accumsan pellentesque, tortor donec ut vestibulum in praesent nulla, enim semper habitant lorem viverra, vel dignissim quam vivamus sapien phasellus. Commodo ac pellentesque hac eu, eu ut elit, integer mauris libero.]]></wp:comment_content>
<wp:comment_approved>1</wp:comment_approved>
<wp:comment_type></wp:comment_type>
<wp:comment_parent>0</wp:comment_parent>
<wp:comment_user_id>1</wp:comment_user_id>
</wp:comment>
<wp:comment>
<wp:comment_id>5</wp:comment_id>
<wp:comment_author><![CDATA[admin]]></wp:comment_author>
<wp:comment_author_email>magnus@jepson.no</wp:comment_author_email>
<wp:comment_author_url></wp:comment_author_url>
<wp:comment_author_IP>127.0.0.1</wp:comment_author_IP>
<wp:comment_date>2010-01-11 15:14:54</wp:comment_date>
<wp:comment_date_gmt>2010-01-11 15:14:54</wp:comment_date_gmt>
<wp:comment_content><![CDATA[This is a threaded reply!]]></wp:comment_content>
<wp:comment_approved>1</wp:comment_approved>
<wp:comment_type></wp:comment_type>
<wp:comment_parent>2</wp:comment_parent>
<wp:comment_user_id>1</wp:comment_user_id>
</wp:comment>
<wp:comment>
<wp:comment_id>6</wp:comment_id>
<wp:comment_author><![CDATA[admin]]></wp:comment_author>
<wp:comment_author_email>magnus@jepson.no</wp:comment_author_email>
<wp:comment_author_url></wp:comment_author_url>
<wp:comment_author_IP>127.0.0.1</wp:comment_author_IP>
<wp:comment_date>2010-01-11 15:15:06</wp:comment_date>
<wp:comment_date_gmt>2010-01-11 15:15:06</wp:comment_date_gmt>
<wp:comment_content><![CDATA[And another threaded reply!]]></wp:comment_content>
<wp:comment_approved>1</wp:comment_approved>
<wp:comment_type></wp:comment_type>
<wp:comment_parent>5</wp:comment_parent>
<wp:comment_user_id>1</wp:comment_user_id>
</wp:comment>
	</item>
<item>
<title>Image in a post</title>
<link>http://localhost/test/?p=63</link>
<pubDate>Mon, 11 Jan 2010 15:34:13 +0000</pubDate>
<dc:creator><![CDATA[admin]]></dc:creator>

		<category><![CDATA[Category 1]]></category>

		<category domain="category" nicename="category-1"><![CDATA[Category 1]]></category>

		<category><![CDATA[General]]></category>

		<category domain="category" nicename="general"><![CDATA[General]]></category>

		<category domain="tag"><![CDATA[golf]]></category>

		<category domain="tag" nicename="golf"><![CDATA[golf]]></category>

<guid isPermaLink="false">http://localhost/test/?p=63</guid>
<description></description>
<content:encoded><![CDATA[Vel ut quas utroque placerat, kasd utinam epicuri at est, hendrerit argumentum dissentias ei nec. Te quo probatus consequuntur, id omnis audiam perfecto qui. Volumus singulis et est, fuisset invidunt convenire quo ea, omnis nostrum luptatum in eum. Ius id essent sanctus erroribus. Nam ex definiebas dissentiet, ex ubique tritani quaerendum eum. An facer insolens sed, an aperiri ornatus mediocrem eum, an sed nisl ancillae consequuntur. Usu te ipsum regione delicatissimi, ei usu labore eripuit epicuri.

[caption id="" align="alignright" width="240" caption="Old Course"]<a href="http://farm4.static.flickr.com/3503/4025278605_f81b457588_b.jpg"><img alt="" src="http://farm4.static.flickr.com/3503/4025278605_f81b457588_m.jpg" title="Old Course" width="240" height="161" /></a>[/caption]

Eam eu dico ferri, aeque errem pertinacia nam at. Illud option invidunt no per, euismod assentior eu eam. Eu nec ornatus laoreet fuisset, dissentias dissentiunt ei nam, mediocrem scribentur repudiandae sea no. Mea movet euripidis urbanitas eu, diceret gloriatur has no, sed te delenit salutandi ocurreret. No eum menandri consequuntur, nam elaboraret neglegentur no.

Ius ea minim legere audire, ius quodsi volutpat ex. Ei meis adhuc tation per, commune gubergren scribentur eu per. Eum no novum perpetua imperdiet, id augue facilisis iracundia qui. Sit ad diam esse principes. His rebum feugiat aliquyam id, errem integre scaevola no vis, duo eu putant voluptua percipitur. Ad mei ubique mollis patrioque, velit vocent voluptua mea ea, ei dicam copiosae scripserit duo.

Putant mollis malorum ex per, usu te ullum sanctus deleniti. In reque tollit omittam vix, congue convenire persecuti ut usu. Pri te reque quaeque feugiat, in meis dicat denique vim. Qui harum postea impedit cu, eum laoreet vivendo maluisset an, ipsum vivendo omittantur nam ex. Apeirian rationibus adversarium vis ex, ius ut autem urbanitas. Virtute saperet oporteat ius ei, per cu facete nonummy, nam no ubique nominavi.

Solum reformidans in sed, no regione voluptatum accommodare nam. Sed nobis eloquentiam eu, dicant mediocrem efficiendi in mea. Tantas iisque eleifend te vix, per ex mucius vocent accusamus. Duo quot movet soluta eu, odio vivendo cu eum, id cum nobis fabulas efficiantur.]]></content:encoded>
<excerpt:encoded><![CDATA[]]></excerpt:encoded>
<wp:post_id>63</wp:post_id>
<wp:post_date>2010-01-11 15:34:13</wp:post_date>
<wp:post_date_gmt>2010-01-11 15:34:13</wp:post_date_gmt>
<wp:comment_status>open</wp:comment_status>
<wp:ping_status>open</wp:ping_status>
<wp:post_name>image-in-a-post</wp:post_name>
<wp:status>publish</wp:status>
<wp:post_parent>0</wp:post_parent>
<wp:menu_order>0</wp:menu_order>
<wp:post_type>post</wp:post_type>
<wp:post_password></wp:post_password>
<wp:is_sticky>0</wp:is_sticky>
<wp:postmeta>
<wp:meta_key>_edit_lock</wp:meta_key>
<wp:meta_value>1263226610</wp:meta_value>
</wp:postmeta>
<wp:postmeta>
<wp:meta_key>_edit_last</wp:meta_key>
<wp:meta_value>1</wp:meta_value>
</wp:postmeta>
<wp:postmeta>
<wp:meta_key>image</wp:meta_key>
<wp:meta_value>http://farm3.static.flickr.com/2557/4131103966_6e0288719c_b.jpg</wp:meta_value>
</wp:postmeta>
<wp:postmeta>
<wp:meta_key>_encloseme</wp:meta_key>
<wp:meta_value>1</wp:meta_value>
</wp:postmeta>
<wp:postmeta>
<wp:meta_key>_encloseme</wp:meta_key>
<wp:meta_value>1</wp:meta_value>
</wp:postmeta>
<wp:comment>
<wp:comment_id>8</wp:comment_id>
<wp:comment_author><![CDATA[admin]]></wp:comment_author>
<wp:comment_author_email>magnus@jepson.no</wp:comment_author_email>
<wp:comment_author_url></wp:comment_author_url>
<wp:comment_author_IP>127.0.0.1</wp:comment_author_IP>
<wp:comment_date>2010-01-11 15:34:32</wp:comment_date>
<wp:comment_date_gmt>2010-01-11 15:34:32</wp:comment_date_gmt>
<wp:comment_content><![CDATA[Looks like the Old Course at St. Andrews!]]></wp:comment_content>
<wp:comment_approved>1</wp:comment_approved>
<wp:comment_type></wp:comment_type>
<wp:comment_parent>0</wp:comment_parent>
<wp:comment_user_id>1</wp:comment_user_id>
</wp:comment>
	</item>
</channel>
</rss>
